snapshot_date,papers,samples,curves,data_points,figures,unique_dois_in_papers,unique_compositions_in_samples
2026-07-20,56473,105260,234029,4810741,60228,56451,42445
2026-07-21,56473,105260,234029,4810741,60228,56451,42445
2026-07-22,56473,105260,234029,4810741,60228,56451,42445
2026-07-23,56473,105260,234029,4810741,60228,56451,42445
2026-07-24,56474,105260,234029,4810741,60228,56452,42445
2026-07-25,56475,105260,234029,4810741,60228,56453,42445
2026-07-26,56475,105260,234029,4810741,60228,56453,42445
2026-07-27,56475,105260,234029,4810741,60228,56453,42445
2026-07-28,56475,105260,234029,4810741,60228,56453,42445
