element,samples
O,46695
Fe,20262
Co,15242
Bi,13586
Ti,13088
Sb,12463
Sr,11901
Mn,11033
Te,10750
La,10465
Ba,10232
Cu,9233
S,8255
Nb,8162
Ca,7955
Pb,7557
Ni,7490
Sn,7370
Li,6873
Si,6520
Se,6227
Zn,6157
Al,5419
Mg,5193
Na,4859
Zr,4602
Ge,3822
B,3502
In,3498
Nd,3249
Ce,3240
Ag,3145
Ga,2914
Y,2831
C,2787
Cr,2563
K,2512
Pr,2304
Yb,2044
V,2037
Ta,1884
Gd,1659
Sm,1649
P,1465
Cd,1288
Pd,1273
I,1265
Ru,1212
Hf,1194
Mo,1189
N,1164
Eu,1128
As,1050
W,990
Dy,935
Sc,886
Pt,703
Rh,619
F,612
H,610
Tb,589
Er,546
Ir,542
Ho,537
Tl,508
Cl,485
U,397
Re,358
Au,295
Lu,268
Tm,223
Br,164
Cs,159
Th,143
Hg,118
Rb,75
Os,72
Be,51
Pu,32
Np,11
No,8
Am,7
Pa,4
Cm,4
He,2
Ne,2
Ac,1
Tc,1
